City_ID,City,Country,Date,Lat,Lng,Max Temp,Humidity,Cloudiness,Wind Speed
0,Solok,ID,6/5/21 20:28,-0.7918,100.6593,68.5,87,4,2.3
1,Hasaki,JP,6/5/21 20:28,35.7333,140.8333,66.6,82,100,9.35
2,Albany,US,6/5/21 20:28,42.6001,-73.9662,91.45,44,47,1.01
3,Zhuhai,CN,6/5/21 20:28,22.2769,113.5678,81.05,83,20,3
4,Kavaratti,IN,6/5/21 20:28,10.5669,72.642,82.42,76,100,13.62
5,Butaritari,KI,6/5/21 20:28,3.0707,172.7902,82.27,70,30,5.5
6,Hithadhoo,MV,6/5/21 20:28,-0.6,73.0833,82.38,75,100,12.48
7,New Norfolk,AU,6/5/21 20:28,-42.7826,147.0587,43.57,75,100,2.13
8,Kapaa,US,6/5/21 20:28,22.0752,-159.319,84.18,69,20,5.01
9,Saint George,US,6/5/21 20:28,37.1041,-113.5841,104.79,10,1,5.99
10,Bengkulu,ID,6/5/21 20:28,-3.8004,102.2655,75.49,92,20,4.5
11,Hermanus,ZA,6/5/21 20:28,-34.4187,19.2345,59.9,54,0,7.61
12,Arraial Do Cabo,BR,6/5/21 20:28,-22.9661,-42.0278,75.16,83,0,19.57
13,Hobart,AU,6/5/21 20:28,-42.8794,147.3294,43.92,79,75,1.99
14,Airai,TL,6/5/21 20:28,-8.9266,125.4092,59.05,94,91,3.44
15,Roma,US,6/5/21 20:28,43.2128,-75.4557,86.09,45,1,3
16,Saint-Philippe,RE,6/5/21 20:27,-21.3585,55.7679,74.48,82,12,1.59
17,Lebu,CL,6/5/21 20:28,-37.6167,-73.65,52.25,70,100,11.79
18,Port Moresby,PG,6/5/21 20:28,-9.4431,147.1797,74.62,94,75,8.05
19,Rikitea,PF,6/5/21 20:26,-23.1203,-134.9692,75.42,80,100,11.48
20,Ushuaia,AR,6/5/21 20:25,-54.8,-68.3,33.46,80,40,8.05
21,Laibin,CN,6/5/21 20:28,23.7,109.2667,70.83,71,5,1.1
22,Mataura,NZ,6/5/21 20:28,-46.1927,168.8643,41.67,95,87,1.5
23,Usevya,TZ,6/5/21 20:28,-7.1,31.2333,71.92,62,76,7.74
24,Xiongzhou,CN,6/5/21 20:28,25.1167,114.3,66.88,81,0,0.38
25,Crepy-En-Valois,FR,6/5/21 20:28,49.2336,2.8881,63.5,85,99,5.64
26,Tual,ID,6/5/21 20:28,-5.6667,132.75,81.16,75,100,20.15
27,Salaga,GH,6/5/21 20:28,8.5508,-0.5188,77.16,74,93,5.95
28,Nikolskoye,RU,6/5/21 20:28,59.7035,30.7861,62.49,68,58,3.38
29,Barrow,US,6/5/21 20:24,71.2906,-156.7887,32.02,86,90,9.22
30,Gurupi,BR,6/5/21 20:28,-11.7292,-49.0686,89.91,36,100,4.12
31,Aklavik,CA,6/5/21 20:28,68.2191,-135.0107,39.92,81,90,11.5
32,Vaitape,PF,6/5/21 20:28,-16.5167,-151.75,80.69,74,97,7.61
33,Kargasok,RU,6/5/21 20:28,59.0556,80.8572,53.19,65,78,9.1
34,Ribeira Grande,PT,6/5/21 20:28,38.5167,-28.7,68.4,77,40,5.75
35,Punta Arenas,CL,6/5/21 20:28,-53.15,-70.9167,39.31,87,40,7.87
36,Tasiilaq,GL,6/5/21 20:28,65.6145,-37.6368,39.36,97,100,9.17
37,Khandyga,RU,6/5/21 20:28,62.6667,135.6,62.37,60,97,3.15
38,Narsaq,GL,6/5/21 20:28,60.9167,-46.05,57.42,63,100,11.1
39,Alofi,NU,6/5/21 20:28,-19.0595,-169.9187,75.09,73,95,5.75
40,Mar Del Plata,AR,6/5/21 20:28,-38.0023,-57.5575,60.1,51,0,7
41,Talcahuano,CL,6/5/21 20:28,-36.7167,-73.1167,55.08,62,0,8.05
42,Busselton,AU,6/5/21 20:28,-33.65,115.3333,57.09,83,41,13.02
43,Kapuskasing,CA,6/5/21 20:28,49.4169,-82.4331,62.69,63,75,5.75
44,Ilulissat,GL,6/5/21 20:28,69.2167,-51.1,48.22,53,20,4.61
45,Mount Gambier,AU,6/5/21 20:28,-37.8333,140.7667,55.31,94,90,9.22
46,Nemuro,JP,6/5/21 20:28,43.3236,145.575,52.23,87,38,16.06
47,Svetlogorsk,BY,6/5/21 20:28,52.6333,29.7333,56.19,74,82,4.72
48,Manakara,MG,6/5/21 20:28,-22.1333,48.0167,68.95,87,13,8.97
49,Norman Wells,CA,6/5/21 20:28,65.282,-126.8329,51.84,62,90,16.11
50,Cape Town,ZA,6/5/21 20:28,-33.9258,18.4232,60.12,74,1,4.45
51,Nishihara,JP,6/5/21 20:28,26.1842,127.7558,80.65,94,90,10.96
52,Plasnica,MK,6/5/21 20:28,41.4672,21.1231,60.71,79,20,4.94
53,Nanortalik,GL,6/5/21 20:28,60.1432,-45.2371,42.24,78,100,8.9
54,Egyek,HU,6/5/21 20:28,47.6333,20.9,62.82,91,94,6.35
55,Sitka,US,6/5/21 20:28,57.0531,-135.33,51.69,82,75,4.61
56,Vaini,TO,6/5/21 20:28,-21.2,-175.2,73.56,73,40,1.14
57,Huarmey,PE,6/5/21 20:28,-10.0681,-78.1522,70.61,70,19,10.47
58,Esperance,AU,6/5/21 20:28,-33.8667,121.9,51.64,61,94,16.02
59,Katsuura,JP,6/5/21 20:28,35.1333,140.3,71.19,87,100,11.52
60,Araouane,ML,6/5/21 20:28,18.9048,-3.5265,103.01,6,55,9.33
61,Capinopolis,BR,6/5/21 20:28,-18.6819,-49.5697,85.44,27,67,6.73
62,Atuona,PF,6/5/21 20:28,-9.8,-139.0333,78.85,74,25,14.94
63,Saint Anthony,US,6/5/21 20:27,45.0205,-93.218,100.33,28,1,1.99
64,Vangaindrano,MG,6/5/21 20:28,-23.35,47.6,66.87,88,38,11.36
65,Barh,IN,6/5/21 20:28,25.4833,85.7167,82.45,35,71,7.38
66,Muravlenko,RU,6/5/21 20:28,63.7898,74.523,40.75,64,81,3.15
67,Kodiak,US,6/5/21 20:23,57.79,-152.4072,60.31,39,1,14.97
68,Huilong,CN,6/5/21 20:28,31.8111,121.655,74.03,81,1,8.21
69,Luderitz,NA,6/5/21 20:28,-26.6481,15.1594,68.9,34,0,8.43
70,Esil,KZ,6/5/21 20:28,51.9556,66.4042,54.63,46,38,8.03
71,Khasan,RU,6/5/21 20:28,42.4308,130.6434,52.57,86,47,5.77
72,Pisco,PE,6/5/21 20:28,-13.7,-76.2167,67.01,77,0,11.5
73,Marrakesh,MA,6/5/21 20:28,31.6315,-8.0083,78.87,41,0,12.66
74,Inyonga,TZ,6/5/21 20:28,-6.7167,32.0667,68.9,61,66,8.7
75,Bredasdorp,ZA,6/5/21 20:26,-34.5322,20.0403,49.32,93,0,3.09
76,Hilo,US,6/5/21 20:28,19.7297,-155.09,81.25,66,40,12.66
77,Seminole,US,6/5/21 20:28,28.7086,-81.2081,92.35,73,40,8.05
78,Itarema,BR,6/5/21 20:28,-2.9248,-39.9167,80.33,72,3,13.13
79,Goderich,CA,6/5/21 20:28,43.7501,-81.7165,85.21,39,100,16.11
80,Jamestown,US,6/5/21 20:28,42.097,-79.2353,86.09,41,1,16.11
81,Puerto Ayora,EC,6/5/21 20:28,-0.7393,-90.3518,80.56,87,100,5.01
82,Juazeiro,BR,6/5/21 20:25,-9.4117,-40.4986,80.78,69,75,9.22
83,Bethel,US,6/5/21 20:24,41.3712,-73.414,94.01,44,1,10.36
84,Tiksi,RU,6/5/21 20:28,71.6872,128.8694,36.32,80,90,7.09
85,Khani,GE,6/5/21 20:28,41.9563,42.9566,51.37,98,91,1.05
86,Saskylakh,RU,6/5/21 20:28,71.9167,114.0833,36.68,83,100,1.32
87,Bambous Virieux,MU,6/5/21 20:28,-20.3428,57.7575,68.25,94,20,6.38
88,Polyarnyy,RU,6/5/21 20:28,69.1989,33.4478,41.47,75,17,8.93
89,Carnarvon,AU,6/5/21 20:29,-24.8667,113.6333,59.07,82,67,6.91
90,Debno,PL,6/5/21 20:29,52.739,14.698,68.54,77,14,6.71
91,Berekum,GH,6/5/21 20:29,7.4534,-2.584,78.89,72,95,5.93
92,Saint-Pierre,RE,6/5/21 20:29,-21.3393,55.4781,74.57,90,90,4.61
93,Qaqortoq,GL,6/5/21 20:29,60.7167,-46.0333,57.7,73,100,10.36
94,Bluff,NZ,6/5/21 20:29,-46.6,168.3333,46.38,76,10,5.93
95,Oranjemund,NA,6/5/21 20:29,-28.55,16.4333,69.82,28,25,11.68
96,Bowen,AU,6/5/21 20:29,-20.0167,148.2333,48.42,63,99,7.99
97,Grand-Santi,GF,6/5/21 20:29,4.25,-54.3833,85.05,63,19,4.65
98,Pevek,RU,6/5/21 20:26,69.7008,170.3133,43.05,83,94,7.92
99,Yatou,CN,6/5/21 20:29,37.15,122.3833,61.74,80,0,6.06
100,Thompson,CA,6/5/21 20:29,55.7435,-97.8558,62.76,67,90,2.3
101,Poronaysk,RU,6/5/21 20:29,49.2167,143.1167,48.78,91,100,0.29
102,Kaeng Khoi,TH,6/5/21 20:29,14.5862,100.9976,83.88,75,100,4.92
103,Georgetown,MY,6/5/21 20:25,5.4112,100.3354,79.9,92,40,4.61
104,Port Alfred,ZA,6/5/21 20:29,-33.5906,26.891,59.32,78,0,15.55
105,Lorengau,PG,6/5/21 20:27,-2.0226,147.2712,78.51,89,100,12.24
106,Panikihan,PH,6/5/21 20:29,13.9028,122.1347,80.29,82,96,2.44
107,Tomari,RU,6/5/21 20:29,47.7658,142.0683,47.3,95,100,2.82
108,Severo-Kurilsk,RU,6/5/21 20:29,50.6789,156.125,42.03,95,100,16.04
109,San Rafael,AR,6/5/21 20:29,-34.6177,-68.3301,55.36,49,99,6.17
110,Burnie,AU,6/5/21 20:27,-41.0667,145.9167,47.46,81,97,7.14
111,Smithers,CA,6/5/21 20:29,54.7804,-127.1743,55.72,50,75,6.91
112,Lata,PT,6/5/21 20:27,40.1629,-8.3327,59.81,74,1,3.71
113,Belyy Yar,RU,6/5/21 20:29,53.6039,91.3903,44.49,93,75,12.03
114,Sakakah,SA,6/5/21 20:29,29.9697,40.2064,85.57,15,0,8.81
115,Erzin,TR,6/5/21 20:29,36.9559,36.2,72.32,76,0,3.04
116,Mecca,SA,6/5/21 20:25,21.4267,39.8261,85.93,57,0,4.27
117,Bautista,PH,6/5/21 20:29,15.8112,120.4737,76.98,90,100,3.38
118,Marystown,CA,6/5/21 20:29,47.1666,-55.1483,55.44,88,60,5.32
119,Longyearbyen,SJ,6/5/21 20:29,78.2186,15.6401,35.44,69,75,12.66
120,Port Hardy,CA,6/5/21 20:29,50.6996,-127.4199,51.98,82,75,4.61
121,Inhambane,MZ,6/5/21 20:28,-23.865,35.3833,66.02,73,76,9.98
122,Aripuana,BR,6/5/21 20:28,-9.1667,-60.6333,93.36,36,75,4.12
123,Yellowknife,CA,6/5/21 20:29,62.456,-114.3525,66.29,77,75,1.99
124,Upernavik,GL,6/5/21 20:26,72.7868,-56.1549,37.83,87,74,5.23
125,Abu Zabad,SD,6/5/21 20:29,12.35,29.25,84.27,47,100,16.2
126,Lucapa,AO,6/5/21 20:29,-8.4192,20.7447,69.03,44,92,4.88
127,Dikson,RU,6/5/21 20:29,73.5069,80.5464,30.15,91,99,12.66
128,Yanji,CN,6/5/21 20:29,42.9075,129.5078,49.23,91,40,4.38
129,Bang Ban,TH,6/5/21 20:29,14.3739,100.4853,85.95,65,100,10.07
130,Codrington,AU,6/5/21 20:26,-38.2667,141.9667,52.92,94,100,7.83
131,Meulaboh,ID,6/5/21 20:29,4.1363,96.1285,75.11,89,92,3.96
132,Gulu,UG,6/5/21 20:29,2.7746,32.299,66.2,93,100,3.98
133,Ulaanbaatar,MN,6/5/21 20:24,47.9077,106.8832,66.33,30,75,6.35
134,Cheyenne,US,6/5/21 20:29,41.14,-104.8203,90.95,23,1,6.91
135,Celestun,MX,6/5/21 20:29,20.8667,-90.4,86.7,65,100,9.62
136,Gladstone,AU,6/5/21 20:29,-23.85,151.25,52.79,71,0,5.75
137,Bahia Blanca,AR,6/5/21 20:29,-38.7196,-62.2724,56.3,37,0,10
138,Mana,GF,6/5/21 20:29,5.6592,-53.7767,81.09,80,8,10.96
139,Bull Savanna,JM,6/5/21 20:29,17.8868,-77.5902,83.73,63,14,18.57
140,Cidreira,BR,6/5/21 20:29,-30.1811,-50.2056,73.56,72,100,5.64
141,Isangel,VU,6/5/21 20:29,-19.55,169.2667,75.65,83,99,7.61
142,Noumea,NC,6/5/21 20:29,-22.2763,166.4572,73,99,100,15.26
143,Karia,NG,6/5/21 20:29,11.7306,11.1629,89.28,36,80,9.53
144,Udachnyy,RU,6/5/21 20:29,66.4167,112.4,41.81,58,10,10.85
145,Mahebourg,MU,6/5/21 20:29,-20.4081,57.7,68.29,94,20,6.91
146,Cabo San Lucas,MX,6/5/21 20:27,22.8909,-109.9124,102.81,33,1,9.22
147,Koyelga,RU,6/5/21 20:29,54.6522,60.9049,50.25,58,0,6.13
148,Kloulklubed,PW,6/5/21 20:29,7.0419,134.2556,77.5,80,100,4.79
149,Maryborough,AU,6/5/21 20:29,-25.5333,152.7,49.84,69,0,4.61
150,Opuwo,NA,6/5/21 20:27,-18.0607,13.84,60.69,29,0,8.59
151,Lompoc,US,6/5/21 20:26,34.6391,-120.4579,81.01,74,90,7
152,San Policarpo,PH,6/5/21 20:29,12.1791,125.5072,78.42,86,95,4.56
153,Richards Bay,ZA,6/5/21 20:29,-28.783,32.0377,61.77,81,85,3.51
154,Jumla,NP,6/5/21 20:27,29.2747,82.1838,55.69,84,76,2.19
155,Havre-Saint-Pierre,CA,6/5/21 20:27,50.2334,-63.5986,57.56,94,90,13.8
156,Maturin,VE,6/5/21 20:29,9.75,-63.1767,77.38,87,100,12.33
157,Forio,IT,6/5/21 20:29,40.7342,13.8646,71.89,74,89,2.57
158,Claveria,PH,6/5/21 20:29,18.6074,121.0832,80.83,81,100,2.26
159,Avarua,CK,6/5/21 20:29,-21.2078,-159.775,75.25,78,40,9.22
160,Arona,ES,6/5/21 20:29,28.0996,-16.681,63.12,62,20,5.99
161,Aswan,EG,6/5/21 20:27,24.0934,32.907,85.35,17,7,14.56
162,Gejiu,CN,6/5/21 20:29,23.306,103.1635,56.32,97,60,2.89
163,Castro,BR,6/5/21 20:26,-24.7911,-50.0119,66.2,75,3,3.85
164,Sibolga,ID,6/5/21 20:29,1.7427,98.7792,73.74,68,44,3.51
165,Lavrentiya,RU,6/5/21 20:29,65.5833,-171,34.39,77,91,13.96
166,Batemans Bay,AU,6/5/21 20:26,-35.7167,150.1833,49.91,67,6,4.88
167,Moindou,NC,6/5/21 20:29,-21.6924,165.677,66.15,71,100,13.4
168,Kaitangata,NZ,6/5/21 20:29,-46.2817,169.8464,42.93,83,94,3.11
169,Troitsko-Pechorsk,RU,6/5/21 20:29,62.7084,56.1964,61.9,54,21,6.67
170,Juneau,US,6/5/21 20:29,58.3019,-134.4197,53.22,91,90,2.37
171,Cherskiy,RU,6/5/21 20:29,68.75,161.3,64.04,36,92,21.83
172,Port Elizabeth,ZA,6/5/21 20:29,-33.918,25.5701,61.09,82,40,11.5
173,Tuktoyaktuk,CA,6/5/21 20:29,69.4541,-133.0374,39.2,65,75,17.27
174,Hindupur,IN,6/5/21 20:29,13.8289,77.4933,75.15,77,99,6.89
175,Tuy Hoa,VN,6/5/21 20:29,13.0833,109.3,78.84,85,100,6.62
176,Yerbogachen,RU,6/5/21 20:29,61.2767,108.0108,40.1,69,87,1.77
177,Namatanai,PG,6/5/21 20:29,-3.6667,152.4333,79.41,83,41,5.91
178,Chuy,UY,6/5/21 20:26,-33.6971,-53.4616,61.11,97,100,6.29
179,Qaanaaq,GL,6/5/21 20:26,77.484,-69.3632,38.52,85,100,4.94
180,Orlik,RU,6/5/21 20:29,52.5178,99.825,51.19,81,100,6.98
181,Faya,SA,6/5/21 20:27,18.3851,42.4509,70.32,55,28,1.1
182,Bud,US,6/5/21 20:29,39.447,-86.1758,86.04,52,28,9.37
183,Fairbanks,US,6/5/21 20:27,64.8378,-147.7164,70.61,42,1,0
184,Najran,SA,6/5/21 20:29,17.4924,44.1277,81.25,12,61,5.75
185,Boyolangu,ID,6/5/21 20:29,-8.1181,111.8935,74.98,93,54,1.61
186,Bam,IR,6/5/21 20:29,29.106,58.357,93.87,7,5,4.07
187,Ambulu,ID,6/5/21 20:29,-8.345,113.6058,74.55,91,22,2.28
188,Alice Springs,AU,6/5/21 20:29,-23.7,133.8833,35.15,80,0,4.76
189,Kyshtovka,RU,6/5/21 20:29,56.555,76.6271,52.79,86,42,10.31
190,Russell,US,6/5/21 20:29,32.3502,-85.1999,89.2,55,40,6.87
191,Srednekolymsk,RU,6/5/21 20:29,67.45,153.6833,61.57,39,2,21.32
192,Aykhal,RU,6/5/21 20:28,66,111.5,38.25,65,10,9.55
193,Hargeysa,SO,6/5/21 20:29,9.56,44.065,74.68,52,17,15.79
194,Beloha,MG,6/5/21 20:29,-25.1667,45.05,60.44,78,1,5.93
195,Taguisa,PH,6/5/21 20:29,6.6983,124.0358,76.78,89,100,5.17
196,Victoria,HK,6/5/21 20:26,22.2855,114.1577,81.32,80,60,5.01
197,Tianpeng,CN,6/5/21 20:29,30.9866,103.9393,64.87,60,100,2.26
198,Shunyi,CN,6/5/21 20:29,40.125,116.6453,73.83,55,0,8.95
199,Jalu,LY,6/5/21 20:29,29.0331,21.5482,80.78,16,0,5.75
200,Bosaso,SO,6/5/21 20:29,11.2842,49.1816,89.31,56,95,4.07
201,Lethem,GY,6/5/21 20:29,3.3803,-59.7968,84.25,73,30,7.92
202,Stykkisholmur,IS,6/5/21 20:29,65.0757,-22.7297,51.24,74,100,6.13
203,Port Augusta,AU,6/5/21 20:29,-32.5,137.7667,46.54,78,10,5.35
204,Manokwari,ID,6/5/21 20:29,-0.8667,134.0833,78.12,78,100,3.71
205,Ponta Do Sol,PT,6/5/21 20:26,32.6667,-17.1,68,72,29,4.59
206,Clyde,US,6/5/21 20:29,41.3042,-82.9752,87.51,42,12,14.97
207,Nyurba,RU,6/5/21 20:29,63.2842,118.3319,48.04,79,100,2.77
208,San Patricio,US,6/5/21 20:29,28.017,-97.5169,89.02,57,49,8.95
209,Zhanakorgan,KZ,6/5/21 20:29,43.9098,67.2495,80.26,38,2,8.32
210,Faanui,PF,6/5/21 20:27,-16.4833,-151.75,80.67,74,97,7.47
211,Talnakh,RU,6/5/21 20:29,69.4865,88.3972,27.84,98,95,2.66
212,Wellington,NZ,6/5/21 20:25,-41.2866,174.7756,58.77,76,75,1.01
213,Rio Verde De Mato Grosso,BR,6/5/21 20:29,-18.9181,-54.8442,88.57,27,94,5.12
214,Road Town,VG,6/5/21 20:26,18.4167,-64.6167,82.49,83,40,38.03
215,Guadalupe Y Calvo,MX,6/5/21 20:29,26.1,-106.9667,75.94,21,97,10.56
216,Clyde River,CA,6/5/21 20:29,70.4692,-68.5914,32.23,93,90,16.11
217,Torbay,CA,6/5/21 20:29,47.6666,-52.7314,53.76,93,90,10.36
218,East London,ZA,6/5/21 20:29,-33.0153,27.9116,59.13,77,2,9.4
219,Grindavik,IS,6/5/21 20:26,63.8424,-22.4338,50.56,87,75,23.29
220,Tecpan,GT,6/5/21 20:29,14.7623,-90.9947,70.56,73,88,3.65
221,Tara,RU,6/5/21 20:29,56.8944,74.371,55.26,71,20,8.52
222,Kumluca,TR,6/5/21 20:29,36.3703,30.2869,71.38,47,0,6.31
223,Laguna,US,6/5/21 20:29,38.421,-121.4238,94.44,39,1,1.01
224,Acapulco,MX,6/5/21 20:25,16.8634,-99.8901,87.62,70,75,8.66
225,Kruisfontein,ZA,6/5/21 20:28,-34.0033,24.7314,52.05,45,0,6.26
226,Westport,US,6/5/21 20:29,41.1415,-73.3579,95.27,48,1,4
227,Petropolis,RU,6/5/21 20:25,59.8944,30.2642,62.74,59,82,3.38
228,Provideniya,RU,6/5/21 20:29,64.3833,-173.3,36.84,90,100,8.16
229,San-Pedro,CI,6/5/21 20:29,4.7485,-6.6363,78.84,88,100,9.22
230,Sinnamary,GF,6/5/21 20:29,5.3833,-52.95,81.16,78,25,10.51
231,Chanderi,IN,6/5/21 20:29,24.7167,78.1333,82.02,62,28,13.4
232,Rio Grande,BR,6/5/21 20:29,-32.035,-52.0986,62.71,93,99,9.42
233,Korla,CN,6/5/21 20:29,41.7597,86.1469,76.77,25,62,7.63
234,Khvoynaya,RU,6/5/21 20:29,58.9,34.5333,55.78,74,0,3.49
235,Pori,FI,6/5/21 20:29,61.4833,21.7833,60.87,63,0,4.61
236,Vuktyl,RU,6/5/21 20:29,63.8567,57.3094,58.82,70,75,1.97
237,Sokyryany,UA,6/5/21 20:29,48.4475,27.4168,59.9,92,100,6.35
238,Qasigiannguit,GL,6/5/21 20:29,68.8193,-51.1922,48.45,64,13,7.14
239,Kodinsk,RU,6/5/21 20:29,58.6881,99.1844,40.37,62,100,3.09
240,Kangaatsiaq,GL,6/5/21 20:29,68.3065,-53.4641,37.81,89,18,8.84
241,Nome,US,6/5/21 20:29,64.5011,-165.4064,35.67,87,90,14.97
242,Rio Gallegos,AR,6/5/21 20:29,-51.6226,-69.2181,35.65,80,0,16.11
243,Ambatofinandrahana,MG,6/5/21 20:29,-20.55,46.8,52.57,92,9,2.89
244,Vardo,NO,6/5/21 20:29,70.3705,31.1107,40.98,81,40,8.05
245,Boissevain,CA,6/5/21 20:29,49.2306,-100.0559,99.1,38,9,13.4
246,Staunton,US,6/5/21 20:26,38.1496,-79.0717,89.74,35,40,3
247,Bereda,ES,6/5/21 20:29,43.2686,-7.5406,60.55,91,5,4.59
248,Balakhninskiy,RU,6/5/21 20:29,58.0106,114.2769,55.45,91,99,3.11
249,Bathsheba,BB,6/5/21 20:26,13.2167,-59.5167,83.01,65,40,19.51
250,Santo Antonio Do Ica,BR,6/5/21 20:29,-3.1022,-67.9397,82.51,87,56,3.29
251,Kalabo,ZM,6/5/21 20:29,-14.97,22.6814,57.78,48,67,6.98
252,Channel-Port Aux Basques,CA,6/5/21 20:29,47.5702,-59.1367,52.36,94,100,13.71
253,Palmer,US,6/5/21 20:29,42.1584,-72.3287,92.01,45,75,1.01
254,Nshamba,TZ,6/5/21 20:29,-1.7983,31.5511,64.8,68,21,3.38
255,Chokurdakh,RU,6/5/21 20:29,70.6333,147.9167,54.37,69,23,9.91
256,Port Blair,IN,6/5/21 20:29,11.6667,92.75,83.77,77,100,9.95
257,Roald,NO,6/5/21 20:29,62.5833,6.1333,65.16,94,90,8.05
258,Ostrovnoy,RU,6/5/21 20:29,68.0531,39.5131,40.98,84,15,11.3
259,Yataity,PY,6/5/21 20:29,-26.3667,-56.0667,80.35,45,100,1.95
260,Mendi,PG,6/5/21 20:29,-6.1761,143.6513,54.12,97,91,2.37
261,Walvis Bay,NA,6/5/21 20:29,-22.9575,14.5053,76.15,16,0,11.61
262,Comodoro Rivadavia,AR,6/5/21 20:29,-45.8667,-67.5,51.66,46,40,10.36
263,Bushehr,IR,6/5/21 20:29,28.9684,50.8385,93.29,52,0,11.5
264,Karratha,AU,6/5/21 20:29,-20.7377,116.8463,70.92,75,60,10.65
265,Itaueira,BR,6/5/21 20:29,-7.6033,-43.0256,90.81,31,21,10.45
266,Hukuntsi,BW,6/5/21 20:29,-24,21.75,50.85,47,0,10.25
267,Bilibino,RU,6/5/21 20:29,68.0546,166.4372,60.87,44,46,5.79
268,Urubicha,BO,6/5/21 20:29,-15.3833,-62.95,89.33,34,92,5.73
269,Helong,CN,6/5/21 20:29,42.5397,128.9972,48.85,90,21,6.08
270,Broome,US,6/5/21 20:29,42.2506,-75.833,89.71,40,1,5.99
271,Ambon,ID,6/5/21 20:29,-3.6954,128.1814,77.14,94,40,13.15
272,Nabire,ID,6/5/21 20:25,-3.3667,135.4833,75.07,92,100,3.44
273,Jacareacanga,BR,6/5/21 20:29,-6.2222,-57.7528,85.48,60,94,2.64
274,Kommunisticheskiy,RU,6/5/21 20:29,61.6789,64.4819,55.69,66,64,3.09
275,Joshimath,IN,6/5/21 20:29,30.5667,79.5667,62.38,62,23,5.77
276,Stuttgart,DE,6/5/21 20:25,48.7823,9.177,64.54,90,75,5.03
277,Flinders,AU,6/5/21 20:28,-34.5833,150.8552,50.2,61,1,5.01
278,Quatre Cocos,MU,6/5/21 20:27,-20.2078,57.7625,68.11,77,7,5.79
279,Lagoa,PT,6/5/21 20:29,39.05,-27.9833,63.59,77,7,2.77
280,Valley,US,6/5/21 20:29,45.1277,-116.1262,63.21,22,0,15.64
281,Oistins,BB,6/5/21 20:29,13.0667,-59.5333,82.49,65,40,18.41
282,Seoul,KR,6/5/21 20:25,37.5683,126.9778,65.8,82,75,3.89
283,Paita,PE,6/5/21 20:29,-5.0892,-81.1144,75.76,70,100,15.9
284,Ranong,TH,6/5/21 20:29,9.9658,98.6348,80.1,85,100,9.95
285,Cap Malheureux,MU,6/5/21 20:29,-19.9842,57.6142,68.49,71,6,8.57
286,Kismayo,SO,6/5/21 20:26,-0.3582,42.5454,78.53,81,71,14.65
287,Carinhanha,BR,6/5/21 20:29,-14.3047,-43.765,85.84,31,37,7.25
288,Kysyl-Syr,RU,6/5/21 20:30,63.8986,122.7617,46.65,80,100,3.51
289,Pahrump,US,6/5/21 20:28,36.2083,-115.9839,107.06,6,0,7
290,Fallon,US,6/5/21 20:30,39.4735,-118.7774,93.45,9,75,4.61
291,Lujan,AR,6/5/21 20:30,-34.5703,-59.105,64.02,54,23,6.46
292,Nuuk,GL,6/5/21 20:26,64.1835,-51.7216,43.41,81,75,23.02
293,Deputatskiy,RU,6/5/21 20:30,69.3,139.9,35.94,91,100,8.12
294,Ryotsu,JP,6/5/21 20:30,38.0833,138.4333,64.78,63,100,6.46
295,Namwala,ZM,6/5/21 20:30,-15.7504,26.4384,55.2,65,24,4.97
296,Raudeberg,NO,6/5/21 20:30,61.9875,5.1352,58.19,94,100,1.32
297,Gizo,SB,6/5/21 20:30,-8.103,156.8419,81.68,77,98,5.08
298,Sao Filipe,CV,6/5/21 20:30,14.8961,-24.4956,76.87,67,91,13
299,Souillac,MU,6/5/21 20:26,-20.5167,57.5167,68.38,94,20,5.66
300,Buraydah,SA,6/5/21 20:26,26.326,43.975,97.25,8,59,4.38
301,Kyle,US,6/5/21 20:30,29.9984,-97.8715,86,74,1,7.16
302,Chara,RU,6/5/21 20:30,56.9064,118.2631,63.7,42,99,1.83
303,Lar,IN,6/5/21 20:30,26.2039,83.9717,89.13,46,61,6.49
304,Solnechnyy,RU,6/5/21 20:30,50.7214,136.6319,46.24,91,100,2.48
305,Tuatapere,NZ,6/5/21 20:30,-46.1333,167.6833,41.47,88,15,3.76
306,Huadian,CN,6/5/21 20:30,42.9633,126.7478,51.94,95,99,2.33
307,Urusha,RU,6/5/21 20:30,54.05,122.9,52.54,68,0,1.07
308,Vila Franca Do Campo,PT,6/5/21 20:30,37.7167,-25.4333,66.61,81,62,2.48
309,Ambilobe,MG,6/5/21 20:30,-13.2,49.05,71.4,90,60,2.51
310,Toyooka,JP,6/5/21 20:30,35.5333,134.8333,64.04,76,98,4.07
311,Christchurch,NZ,6/5/21 20:30,-43.5333,172.6333,52,90,90,4
312,San Andres,CO,6/5/21 20:25,12.5847,-81.7006,84.22,84,75,11.5
313,Santa Maria,BR,6/5/21 20:28,-29.6842,-53.8069,85.3,45,40,8.16
314,Saldanha,ZA,6/5/21 20:30,-33.0117,17.9442,57.25,40,6,10.92
315,Fukue,JP,6/5/21 20:30,32.6881,128.8419,66.43,83,100,2.26
316,Ahuimanu,US,6/5/21 20:30,21.4447,-157.8378,83.91,61,75,13.8
317,Aksu,CN,6/5/21 20:30,41.1231,80.2644,76.03,21,5,5.37
318,Tazmalt,DZ,6/5/21 20:30,36.3868,4.3989,70.11,87,92,5.3
319,Anadyr,RU,6/5/21 20:30,64.75,177.4833,52.3,66,40,2.35
320,Matamoros,MX,6/5/21 20:30,25.5333,-103.25,93.31,24,40,4.41
321,Sabaudia,IT,6/5/21 20:30,41.3003,13.0282,72.75,73,90,0.45
322,Kamina,CD,6/5/21 20:30,-8.7386,24.9906,64.71,59,61,4.34
323,Powell River,CA,6/5/21 20:29,49.8496,-124.5361,64.04,76,75,5.75
324,Taoudenni,ML,6/5/21 20:30,22.6783,-3.9836,106.43,6,79,6.71
325,San Cristobal,VE,6/5/21 20:30,7.7669,-72.225,80.78,66,52,4.76
326,Esmeraldas,BR,6/5/21 20:30,-19.7625,-44.3139,73.51,66,74,9.48
327,Fortuna,US,6/5/21 20:30,40.5982,-124.1573,69.42,68,90,1.99
328,Kindersley,CA,6/5/21 20:30,51.4668,-109.1682,80.38,41,75,9.22
329,Imbituba,BR,6/5/21 20:25,-28.24,-48.6703,73.29,79,27,11.5
330,Ancud,CL,6/5/21 20:30,-41.8697,-73.8203,50.43,71,62,2.3
331,Haines Junction,CA,6/5/21 20:30,60.7522,-137.5108,58.95,41,93,12.66
332,Biak,ID,6/5/21 20:30,-0.9131,122.8766,76.42,84,45,6.53
333,Salalah,OM,6/5/21 20:30,17.0151,54.0924,82.49,89,20,6.91
334,Klaksvik,FO,6/5/21 20:30,62.2266,-6.589,50.92,93,91,13.4
335,Uchaly,RU,6/5/21 20:30,54.2996,59.4521,45.12,62,15,3.62
336,Lokosovo,RU,6/5/21 20:30,61.1333,74.8167,53.22,75,97,4.56
337,Kez,RU,6/5/21 20:30,57.8979,53.7152,51.06,81,11,3.8
338,Grand Gaube,MU,6/5/21 20:30,-20.0064,57.6608,68.4,71,15,6.98
339,Kristinehamn,SE,6/5/21 20:30,59.3098,14.1081,69.78,69,48,4.41
340,Kibre Mengist,ET,6/5/21 20:30,5.8833,38.9833,59.83,95,99,2.62
341,Thap Than,TH,6/5/21 20:30,15.4606,99.8917,82.49,61,96,4.92
342,Lardos,GR,6/5/21 20:30,36.0942,28.0157,73.94,70,0,14.2
343,Madaba,JO,6/5/21 20:30,31.5833,35.6667,66.88,60,0,4.76
344,Konevo,RU,6/5/21 20:30,62.1215,39.3192,59,61,7,3.58
345,Basco,PH,6/5/21 20:30,20.4487,121.9702,83.52,82,89,17.56
346,Puerto Baquerizo Moreno,EC,6/5/21 20:30,-0.9,-89.6,79.79,69,40,13.8
347,Kavieng,PG,6/5/21 20:26,-2.5744,150.7967,81.48,77,100,5.41
348,Penzance,GB,6/5/21 20:30,50.1186,-5.5371,57.88,96,100,9.37
349,Umea,SE,6/5/21 20:30,63.8284,20.2597,57.13,88,75,2.3
350,Harlingen,US,6/5/21 20:30,26.1906,-97.6961,92.34,67,40,10.36
351,Kapit,MY,6/5/21 20:30,2.0167,112.9333,73.17,100,97,0.45
352,Villa Union,MX,6/5/21 20:30,23.2,-106.2333,90.01,55,1,10.36
353,Palana,RU,6/5/21 20:30,59.1167,159.9667,44.55,87,100,9.73
354,Geraldton,AU,6/5/21 20:26,-28.7667,114.6,48.61,87,0,7.34
355,Conceicao Do Araguaia,BR,6/5/21 20:29,-8.2578,-49.2647,91.53,43,0,1.36
356,Tiznit,MA,6/5/21 20:30,29.5833,-9.5,61.7,76,15,3.29
357,Sfantu Gheorghe,RO,6/5/21 20:30,45.8667,25.7833,58.82,76,96,4.76
358,Port Lincoln,AU,6/5/21 20:30,-34.7333,135.8667,56.91,93,55,13.06
359,Half Moon Bay,US,6/5/21 20:30,37.4636,-122.4286,88.61,60,75,8.86
360,Banapur,IN,6/5/21 20:30,19.7833,85.1833,85.3,77,28,7.85
361,Boa Vista,BR,6/5/21 20:30,2.8197,-60.6733,87.78,66,40,8.05
362,Sokolovo,RU,6/5/21 20:30,52.5318,84.7896,41.86,92,58,5.3
363,Fort Nelson,CA,6/5/21 20:30,58.8053,-122.7002,65.79,39,40,10.36
364,Baillif,GP,6/5/21 20:30,16.0202,-61.7463,81.9,74,100,14.27
365,Guerrero Negro,MX,6/5/21 20:30,27.9769,-114.0611,74.14,49,21,16.93
366,Tezu,IN,6/5/21 20:30,27.9167,96.1667,71.94,96,99,2.08
367,Redcar,GB,6/5/21 20:30,54.6166,-1.06,66.45,82,71,4.79
368,Kulhudhuffushi,MV,6/5/21 20:30,6.6221,73.07,82.38,76,100,15.99
369,Pavlodar,KZ,6/5/21 20:30,52.3,76.95,44.4,70,0,6.71
370,Santiago,CL,6/5/21 20:29,-33.4569,-70.6483,65.64,52,90,2.3
371,Raymond,US,6/5/21 20:30,43.9015,-70.4703,89.42,48,76,9.51
372,Guane,CU,6/5/21 20:30,22.2025,-84.0875,85.35,63,64,6.15
373,Krasnotorka,UA,6/5/21 20:30,48.682,37.5327,53.96,95,87,3.98
374,Porto Murtinho,BR,6/5/21 20:30,-21.6989,-57.8825,88.63,26,100,4.61
375,Autazes,BR,6/5/21 20:30,-3.5797,-59.1306,79.92,87,35,3.53
376,Aksarka,RU,6/5/21 20:30,66.5606,67.7975,41.83,58,88,6.44
377,Marsh Harbour,BS,6/5/21 20:27,26.5412,-77.0636,80.11,77,30,15.23
378,Winslow,US,6/5/21 20:30,35.0242,-110.6974,96.98,10,1,1.99
379,Recreio,BR,6/5/21 20:30,-21.525,-42.4692,76.75,69,22,2.13
380,Honningsvag,NO,6/5/21 20:30,70.9821,25.9704,41.34,82,55,16.26
381,Dalby,AU,6/5/21 20:30,-27.1833,151.2667,32.7,70,0,6.22
382,Galesong,ID,6/5/21 20:30,-5.3166,119.3661,77.02,79,10,5.84
383,Filadelfia,US,6/5/21 20:30,39.9523,-75.1638,93.79,40,20,5.01
384,Rapid Valley,US,6/5/21 20:30,44.0625,-103.1463,96.4,32,1,1.01
385,Kijang,KR,6/5/21 20:30,35.2442,129.2139,67.73,94,11,8.32
386,Fare,PF,6/5/21 20:30,-16.7,-151.0167,80.46,75,43,8.19
387,Campbell River,CA,6/5/21 20:30,50.0163,-125.2446,61.59,58,75,6.91
388,Daru,PG,6/5/21 20:30,-9.0763,143.2092,76.57,91,100,11.86
389,Catia La Mar,VE,6/5/21 20:30,10.6038,-67.0303,80.8,89,100,13.8
390,Kalaleh,IR,6/5/21 20:30,37.3807,55.4916,74.28,59,0,3.67
391,Waipawa,NZ,6/5/21 20:30,-41.4122,175.5153,56.03,80,100,5.26
392,Honiara,SB,6/5/21 20:30,-9.4333,159.95,79.5,84,66,3.91
393,Panama City,PA,6/5/21 20:30,8.9936,-79.5197,82.38,77,75,6.91
394,Kaeo,NZ,6/5/21 20:28,-35.1,173.7833,59.32,95,100,16.84
395,Labuhan,ID,6/5/21 20:30,-6.8844,112.2051,76.82,87,16,7.18
396,Portland,US,6/5/21 20:26,45.5234,-122.6762,68.52,60,75,1.01
397,Rorvik,NO,6/5/21 20:30,64.8621,11.2373,54.39,81,54,5.48
398,Tocopilla,CL,6/5/21 20:30,-22.092,-70.1979,66.96,64,15,5.44
399,Tilichiki,RU,6/5/21 20:30,60.4667,166.1,44.94,77,100,2.08
400,Brokopondo,SR,6/5/21 20:30,4.75,-55.1667,82.42,74,23,11.39
401,Hirado,JP,6/5/21 20:30,33.3597,129.5531,65.35,85,100,6.06
402,Bintulu,MY,6/5/21 20:30,3.1667,113.0333,79.21,94,20,3
403,Henties Bay,NA,6/5/21 20:30,-22.116,14.2845,72.63,32,0,9.33
404,Xunchang,CN,6/5/21 20:30,28.4543,104.715,69.55,69,100,2.82
405,Mount Isa,AU,6/5/21 20:30,-20.7333,139.5,56.97,51,97,8.05
406,Dillon,US,6/5/21 20:30,34.4166,-79.3712,91.49,67,95,8.61
407,Rockingham,US,6/5/21 20:27,42.9668,-71.0995,91.94,48,84,1.99
408,Beringovskiy,RU,6/5/21 20:30,63.05,179.3167,43.65,74,100,1.16
409,Dong Xoai,VN,6/5/21 20:30,11.5333,106.9167,76.37,95,100,2.04
410,Bismil,TR,6/5/21 20:30,37.8486,40.6658,73.13,30,0,5.88
411,Netrakona,BD,6/5/21 20:30,24.8833,90.7167,76.39,92,89,9.31
412,Prince Rupert,CA,6/5/21 20:30,54.3161,-130.3201,48.29,87,90,12.66
413,Abu Samrah,SY,6/5/21 20:30,35.3029,37.1841,68.56,48,0,8.39
414,Talaya,RU,6/5/21 20:30,61.3833,152.75,43.66,71,51,12.35
415,Sunland Park,US,6/5/21 20:30,31.7965,-106.58,99.05,22,1,1.99
416,Povenets,RU,6/5/21 20:30,62.8487,34.8262,57.63,66,100,3.69
417,Merrill,US,6/5/21 20:26,45.1805,-89.6835,92.97,44,1,16.11
418,Port Shepstone,ZA,6/5/21 20:30,-30.7414,30.455,58.86,70,56,6.04
419,Hofn,IS,6/5/21 20:30,64.2539,-15.2082,48.67,82,99,7.2
420,Nioro,GM,6/5/21 20:30,13.35,-15.75,84.9,52,36,13.47
421,Riachao Das Neves,BR,6/5/21 20:30,-11.7461,-44.91,79.2,46,82,1.63
422,Praia Da Vitoria,PT,6/5/21 20:30,38.7333,-27.0667,68.76,88,40,4.05
423,Bria,CF,6/5/21 20:30,6.5423,21.9863,69.49,92,100,2.1
424,Tabuk,PH,6/5/21 20:30,17.4189,121.4443,74.93,91,100,2.71
425,Areia Branca,BR,6/5/21 20:28,-4.9561,-37.1369,81.93,74,0,15.35
426,Aguachica,CO,6/5/21 20:30,8.3084,-73.6166,87.24,69,92,3.11
427,Ilo,PE,6/5/21 20:30,-17.6394,-71.3375,67.06,77,0,5.75
428,Maltahohe,NA,6/5/21 20:30,-24.8333,16.9833,52.02,41,0,11.97
429,Jeremie,HT,6/5/21 20:30,18.65,-74.1167,82.74,73,30,4.16
430,Poum,NC,6/5/21 20:27,-20.2333,164.0167,73.09,71,100,21.39
431,Dunedin,NZ,6/5/21 20:30,-45.8742,170.5036,49.8,66,100,1.36
432,Vila Velha,BR,6/5/21 20:30,-20.3297,-40.2925,75.94,86,40,1.01
433,Saint-Joseph,RE,6/5/21 20:30,-21.3667,55.6167,73.47,83,11,2.95
434,La Ronge,CA,6/5/21 20:30,55.1001,-105.2842,73.62,40,75,6.91
435,Dromolaxia,CY,6/5/21 20:30,34.8761,33.586,72.64,62,0,5.99
436,Barkhan,PK,6/5/21 20:30,29.8977,69.5256,77.29,50,13,3.94
437,Muhos,FI,6/5/21 20:29,64.808,25.9931,56.98,68,6,4.56
438,Margate,GB,6/5/21 20:30,51.3813,1.3862,63.7,80,41,1.99
439,Qinhuangdao,CN,6/5/21 20:30,39.9317,119.5883,66.85,48,73,4.05
440,Avera,US,6/5/21 20:30,33.194,-82.5271,82.9,55,95,5.95
441,Hersbruck,DE,6/5/21 20:30,49.5125,11.4339,64.18,90,100,8.48
442,Lazaro Cardenas,MX,6/5/21 20:30,17.9583,-102.2,88.83,55,44,9.71
443,Zhigansk,RU,6/5/21 20:30,66.7697,123.3711,45.75,63,99,3.96
444,Lakes Entrance,AU,6/5/21 20:30,-37.8811,147.981,48.18,66,95,7.18
445,Itoman,JP,6/5/21 20:30,26.1247,127.6694,81.37,97,75,5.75
446,Atasu,KZ,6/5/21 20:30,48.6814,71.6433,51.91,45,70,12.93
447,Presidencia Roque Saenz Pena,AR,6/5/21 20:28,-26.7852,-60.4388,76.26,53,100,3.71
448,Anori,BR,6/5/21 20:30,-3.7728,-61.6442,80.58,88,27,3.65
449,Omsukchan,RU,6/5/21 20:30,62.5333,155.8,37.31,93,100,9.78
450,Mildura,AU,6/5/21 20:30,-34.2,142.15,42.76,100,7,4.61
451,Hami,CN,6/5/21 20:30,42.8,93.45,71.8,40,71,15.88
452,Tambun,ID,6/5/21 20:30,-6.2641,107.0712,83.1,84,27,2.13
453,Barhiya,IN,6/5/21 20:30,25.2833,86.0333,94.12,39,85,8.7
454,Verkhnevilyuysk,RU,6/5/21 20:30,63.4453,120.3167,48.27,81,100,1.34
455,Hambantota,LK,6/5/21 20:30,6.1241,81.1185,78.42,85,49,14.52
456,Pascagoula,US,6/5/21 20:28,30.3658,-88.5561,80.6,69,90,10.2
457,Coracora,PE,6/5/21 20:30,-15.0333,-73.7833,58.19,28,11,10.04
458,Saint-Donat-De-Montcalm,CA,6/5/21 20:30,46.3187,-74.2219,69.66,82,100,13.76
459,Goianesia,BR,6/5/21 20:30,-15.3175,-49.1175,78.8,39,100,1.43
460,Belmonte,BR,6/5/21 20:30,-15.8631,-38.8828,79.3,85,58,8.12
461,Luanda,AO,6/5/21 20:29,-8.8368,13.2343,78.8,83,75,9.22
462,Hamilton,US,6/5/21 20:27,39.1834,-84.5333,87.94,47,1,1.01
463,Forbes,AU,6/5/21 20:30,-33.3833,148.0167,35.92,72,1,2.48
464,Wasilla,US,6/5/21 20:28,61.5814,-149.4394,68.49,49,1,1.01
465,Vestmanna,FO,6/5/21 20:30,62.1564,-7.1664,49.12,100,90,9.91
466,Lakatoro,VU,6/5/21 20:31,-16.0999,167.4164,78.03,74,55,5.06
467,Koygorodok,RU,6/5/21 20:27,60.445,50.9968,59.18,64,59,6.24
468,Daokou,CN,6/5/21 20:31,35.5639,114.5058,72.37,33,0,4.79
469,Takaka,NZ,6/5/21 20:31,-40.85,172.8,58.55,97,100,8.21
470,Erenhot,CN,6/5/21 20:31,43.6475,111.9767,63.84,28,80,10.83
471,Mahon,ES,6/5/21 20:31,39.8885,4.2658,66.76,94,75,6.91
472,Sao Joao Da Barra,BR,6/5/21 20:31,-21.6403,-41.0511,77.09,85,0,9.71
473,Romans-Sur-Isere,FR,6/5/21 20:31,45.0464,5.0562,61.57,94,15,7.36
474,Chicama,PE,6/5/21 20:31,-7.8447,-79.1469,64.94,69,40,8.52
475,Saint-Augustin,CA,6/5/21 20:31,51.226,-58.6502,48.54,88,100,12.3
476,Puerto Escondido,MX,6/5/21 20:27,15.85,-97.0667,90.43,66,40,9.22
477,Tyrma,RU,6/5/21 20:31,50.0833,132.1667,45.25,85,44,0.76
478,Yoichi,JP,6/5/21 20:31,43.2039,140.7703,58.23,86,11,8.55
479,Shellbrook,CA,6/5/21 20:31,53.2168,-106.4011,76.23,42,90,7.58
480,Tautira,PF,6/5/21 20:31,-17.7333,-149.15,84.22,77,79,13.15
481,Zheleznodorozhnyy,RU,6/5/21 20:31,55.7503,38.0042,61.21,92,2,5.06
482,Tura,IN,6/5/21 20:28,25.5198,90.2201,72.07,95,47,4.92
483,Bubaque,GW,6/5/21 20:31,11.2833,-15.8333,79.79,83,66,15.08
484,Liverpool,GB,6/5/21 20:27,53.4106,-2.9779,64.69,71,100,2.44
485,Sorong,ID,6/5/21 20:31,-0.8833,131.25,76.96,89,99,11.01
486,Mount Pleasant,US,6/5/21 20:27,32.7941,-79.8626,84,86,75,3
487,Kayerkan,RU,6/5/21 20:31,69.3497,87.7602,29.07,98,99,5.82
488,Sol-Iletsk,RU,6/5/21 20:31,51.1631,54.9918,57.78,39,97,9.24
489,Riyadh,SA,6/5/21 20:28,24.6877,46.7219,100.45,14,0,5.75
490,Zhangye,CN,6/5/21 20:31,38.9342,100.4517,67.08,47,86,18.21
491,Kiunga,PG,6/5/21 20:31,-6.1219,141.2906,71.19,99,93,0.36
492,Okhtyrka,UA,6/5/21 20:31,50.3104,34.8988,55.33,96,100,7.9
493,Sudzha,RU,6/5/21 20:31,51.1976,35.2726,52.65,98,81,6.6
494,Khatanga,RU,6/5/21 20:31,71.9667,102.5,33.12,87,96,10.16
495,Touros,BR,6/5/21 20:28,-5.1989,-35.4608,81.5,72,7,15.59
496,Eatonton,US,6/5/21 20:31,33.3268,-83.3885,92.01,53,99,0.63
497,Sovetskiy,RU,6/5/21 20:31,61.3614,63.5842,61.65,53,67,7.16
498,Kamenka,RU,6/5/21 20:26,51.3223,42.7678,53.31,98,100,7.94
499,Ust-Tsilma,RU,6/5/21 20:28,65.441,52.1498,52.09,86,97,5.14
500,Kuji,JP,6/5/21 20:31,40.1878,141.7689,64.65,65,100,4.79
501,Abalak,RU,6/5/21 20:31,58.1286,68.5944,58.35,59,9,10.02
502,Stari Bohorodchany,UA,6/5/21 20:31,48.8336,24.5243,52.5,89,92,3
503,Bluefield,US,6/5/21 20:27,37.2698,-81.2223,85.06,41,40,3.44
504,Jiaojiang,CN,6/5/21 20:31,28.6803,121.4428,66,94,2,2.75
505,Qiongshan,CN,6/5/21 20:31,20.0058,110.3542,78.78,78,0,4.68
506,Valparaiso,CL,6/5/21 20:27,-33.0393,-71.6273,64.04,68,0,9.22
507,Toba Tek Singh,PK,6/5/21 20:31,30.9743,72.4827,87.51,43,4,0.36
508,Padilla,CO,6/5/21 20:31,3.2204,-76.3139,81.97,61,92,2.64
509,Kupang,ID,6/5/21 20:31,-10.1667,123.5833,77.07,83,62,12.44
510,Vallenar,CL,6/5/21 20:31,-28.5708,-70.7581,71.94,46,0,4.99
511,Payyannur,IN,6/5/21 20:31,12.1,75.2,75.54,88,100,4.05
512,Port Hedland,AU,6/5/21 20:31,-20.3167,118.5667,68.05,52,40,8.05
513,Mafra,BR,6/5/21 20:31,-26.1114,-49.8053,63.36,80,26,2.55
514,Pacific Grove,US,6/5/21 20:27,36.6177,-121.9166,81.16,70,1,8.99
515,Zhanaozen,KZ,6/5/21 20:31,43.3,52.8,77.14,46,70,21.72
516,Shache,CN,6/5/21 20:31,38.4167,77.2406,77.29,16,8,5.93
517,Baykit,RU,6/5/21 20:31,61.67,96.37,41.76,90,90,8.37
518,Saint-Leu,RE,6/5/21 20:28,-21.15,55.2833,73.96,88,15,6.8
519,Vestmannaeyjar,IS,6/5/21 20:31,63.4427,-20.2734,47.5,86,97,25.26
520,Kudahuvadhoo,MV,6/5/21 20:31,2.6708,72.8944,82.98,75,100,14.85
521,Limoges,FR,6/5/21 20:31,45.75,1.3333,61.02,55,0,4.12
522,Teruel,ES,6/5/21 20:31,40.6667,-0.6667,58.96,92,100,3.62
523,Nouakchott,MR,6/5/21 20:31,18.0858,-15.9785,80.53,54,4,18.99
524,Vredendal,ZA,6/5/21 20:31,-31.6683,18.5012,63.34,23,2,9.82
525,Kem,RU,6/5/21 20:31,64.9555,34.5793,49.8,77,76,8.57
526,Brest,BY,6/5/21 20:31,52.1,23.7,55.92,85,33,5.7
527,Cabedelo,BR,6/5/21 20:31,-6.9811,-34.8339,79.47,81,38,10.22
528,Villeneuve-Sur-Lot,FR,6/5/21 20:31,44.5,0.6667,62.73,73,4,6.22
529,Yerofey Pavlovich,RU,6/5/21 20:31,53.9667,121.9667,54.23,68,0,1.43
530,San Jose,US,6/5/21 20:29,37.3394,-121.895,88.56,36,75,1.01
531,Proddatur,IN,6/5/21 20:31,14.7333,78.55,80.64,75,100,8.32
532,Davila,PH,6/5/21 20:31,18.4726,120.5763,82.33,79,100,11.05
533,Antofagasta,CL,6/5/21 20:27,-23.65,-70.4,61.88,73,5,7.74
534,Mangai,CD,6/5/21 20:31,-4.05,19.5333,77.14,49,98,1.59
535,Weert,NL,6/5/21 20:31,51.2517,5.7069,62.6,87,90,9.19
536,Pangnirtung,CA,6/5/21 20:31,66.1451,-65.7125,35.04,93,93,1.68
537,Labrea,BR,6/5/21 20:31,-7.2586,-64.7981,88.05,58,92,1.19
538,Karaton,ID,6/5/21 20:31,-6.3424,106.1045,80.96,94,11,2.59
539,Kashan,IR,6/5/21 20:31,33.9831,51.4364,92.21,12,0,6.11
540,Itapetinga,BR,6/5/21 20:31,-15.2489,-40.2478,70.65,82,100,4.43
541,Kirovskiy,RU,6/5/21 20:31,45.0917,133.5136,53.02,95,100,4.94
542,Nusaybin,TR,6/5/21 20:31,37.0778,41.2178,74.62,20,0,8.37
543,The Pas,CA,6/5/21 20:31,53.8251,-101.2541,80.62,39,20,7.74
544,Zilair,RU,6/5/21 20:31,52.2332,57.4392,53.1,43,99,6.46
545,Kampot,KH,6/5/21 20:30,10.6167,104.1833,78.85,83,100,7.83
546,Havoysund,NO,6/5/21 20:31,70.9963,24.6622,43.68,82,31,15.82
547,Challans,FR,6/5/21 20:31,46.8436,-1.8749,61,75,0,1.01
548,Camabatela,AO,6/5/21 20:31,-8.1881,15.375,62.58,49,87,4.34
549,Nouadhibou,MR,6/5/21 20:31,20.931,-17.0347,69.78,68,92,18.41
550,Lusambo,CD,6/5/21 20:31,-4.9667,23.45,77.79,52,81,1.79
551,Dalnerechensk,RU,6/5/21 20:31,45.9339,133.7225,54.48,97,100,1.72
552,Wahiawa,US,6/5/21 20:31,21.5028,-158.0236,80.92,62,90,12.66
553,Darhan,MN,6/5/21 20:31,49.4867,105.9228,64.24,56,100,7.07
554,Broken Hill,AU,6/5/21 20:31,-31.95,141.4333,47.91,81,7,6.91
555,Monrovia,LR,6/5/21 20:31,6.3005,-10.7969,80.37,81,57,8.52
556,Bendorf,DE,6/5/21 20:31,50.4333,7.5667,66.33,93,100,5.26
557,Saint-Francois,FR,6/5/21 20:31,46.4154,3.9054,60.19,93,90,2.3
558,Orapa,BW,6/5/21 20:31,-21.2833,25.3667,53.92,47,0,18.28
559,Marzuq,YE,6/5/21 20:31,14.4,46.4667,79.93,33,49,9.98
560,Radford,US,6/5/21 20:31,37.1318,-80.5764,87.89,45,75,3.44
561,Barra Do Bugres,BR,6/5/21 20:31,-15.0725,-57.1811,87.78,33,99,5.03
562,Gravdal,NO,6/5/21 20:31,68.1214,13.5031,50.88,79,23,11.3